BIOME_NAME,BIOME_NUM,ISO3,COUNTRY,mean
"Temperate Grasslands, Savannas & Shrublands",8.0,ATF,French Southern Territories,
"Temperate Grasslands, Savannas & Shrublands",8.0,KAZ,Kazakhstan,19.883280332480297
Montane Grasslands & Shrublands,10.0,KAZ,Kazakhstan,19.53360211823679
Deserts & Xeric Shrublands,13.0,KAZ,Kazakhstan,4.996306470437448
Temperate Conifer Forests,5.0,KAZ,Kazakhstan,24.259834036916672
"Temperate Grasslands, Savannas & Shrublands",8.0,TJK,Tajikistan,19.79467043138642
Montane Grasslands & Shrublands,10.0,TJK,Tajikistan,19.852537986149827
Deserts & Xeric Shrublands,13.0,TJK,Tajikistan,5.015420286310096
"Temperate Grasslands, Savannas & Shrublands",8.0,TKM,Turkmenistan,19.99918731764165
Montane Grasslands & Shrublands,10.0,TKM,Turkmenistan,19.953798816166255
Deserts & Xeric Shrublands,13.0,TKM,Turkmenistan,4.9996020402311645
"Temperate Grasslands, Savannas & Shrublands",8.0,UZB,Uzbekistan,19.74063500675646
Montane Grasslands & Shrublands,10.0,UZB,Uzbekistan,19.96082406997733
Deserts & Xeric Shrublands,13.0,UZB,Uzbekistan,4.9971363493868735
Tropical & Subtropical Moist Broadleaf Forests,1.0,HKG,Hong Kong,
Tropical & Subtropical Moist Broadleaf Forests,1.0,MAC,Macao,
Tropical & Subtropical Moist Broadleaf Forests,1.0,TWN,Taiwan,28.3345584702604
Temperate Broadleaf & Mixed Forests,4.0,PRK,North Korea,
Temperate Broadleaf & Mixed Forests,4.0,KOR,South Korea,
Temperate Broadleaf & Mixed Forests,4.0,CHN,China,33.593775031153946
Temperate Conifer Forests,5.0,CHN,China,24.859027256988195
Montane Grasslands & Shrublands,10.0,CHN,China,19.93758535653954
Deserts & Xeric Shrublands,13.0,CHN,China,4.996644492216696
Tropical & Subtropical Moist Broadleaf Forests,1.0,CHN,China,28.412011657964708
"Temperate Grasslands, Savannas & Shrublands",8.0,CHN,China,19.94281089412702
Tropical & Subtropical Moist Broadleaf Forests,1.0,JPN,Japan,
Temperate Broadleaf & Mixed Forests,4.0,JPN,Japan,
Temperate Conifer Forests,5.0,JPN,Japan,
Deserts & Xeric Shrublands,13.0,MNG,Mongolia,4.9971979541525355
Temperate Conifer Forests,5.0,MNG,Mongolia,25.11322316377589
"Temperate Grasslands, Savannas & Shrublands",8.0,MNG,Mongolia,19.811407743536563
Montane Grasslands & Shrublands,10.0,MNG,Mongolia,19.89662282577658
"Mediterranean Forests, Woodlands & Scrub",12.0,CYP,Cyprus,
"Mediterranean Forests, Woodlands & Scrub",12.0,LBN,Lebanon,
Deserts & Xeric Shrublands,13.0,KWT,Kuwait,5.0
Deserts & Xeric Shrublands,13.0,BHR,Bahrain,
Deserts & Xeric Shrublands,13.0,QAT,Qatar,5.0
"Temperate Grasslands, Savannas & Shrublands",8.0,ARE,United Arab Emirates,
Deserts & Xeric Shrublands,13.0,ARE,United Arab Emirates,5.0
Temperate Broadleaf & Mixed Forests,4.0,ARM,Armenia,34.77443169690379
"Temperate Grasslands, Savannas & Shrublands",8.0,ARM,Armenia,19.9171571177043
Deserts & Xeric Shrublands,13.0,ARM,Armenia,
Temperate Broadleaf & Mixed Forests,4.0,AZE,Azerbaijan,34.131165577479024
"Temperate Grasslands, Savannas & Shrublands",8.0,AZE,Azerbaijan,19.969848308276692
Deserts & Xeric Shrublands,13.0,AZE,Azerbaijan,4.854687743034457
Temperate Broadleaf & Mixed Forests,4.0,GEO,Georgia,34.711550388711395
"Temperate Grasslands, Savannas & Shrublands",8.0,GEO,Georgia,19.670274538906384
Deserts & Xeric Shrublands,13.0,GEO,Georgia,4.792788554735349
Deserts & Xeric Shrublands,13.0,ISR,Israel,5.0
"Temperate Grasslands, Savannas & Shrublands",8.0,ISR,Israel,
"Mediterranean Forests, Woodlands & Scrub",12.0,ISR,Israel,
Temperate Broadleaf & Mixed Forests,4.0,IRQ,Iraq,34.92577030766724
"Temperate Grasslands, Savannas & Shrublands",8.0,IRQ,Iraq,19.99967271769039
"Mediterranean Forests, Woodlands & Scrub",12.0,IRQ,Iraq,
Deserts & Xeric Shrublands,13.0,IRQ,Iraq,5.0022274665310436
"Temperate Grasslands, Savannas & Shrublands",8.0,JOR,Jordan,
"Mediterranean Forests, Woodlands & Scrub",12.0,JOR,Jordan,22.998524215881172
Deserts & Xeric Shrublands,13.0,JOR,Jordan,5.000479877788996
"Temperate Grasslands, Savannas & Shrublands",8.0,KGZ,Kyrgyzstan,19.61584271100146
Montane Grasslands & Shrublands,10.0,KGZ,Kyrgyzstan,19.884295129256042
Temperate Conifer Forests,5.0,KGZ,Kyrgyzstan,24.877809788521045
Deserts & Xeric Shrublands,13.0,KGZ,Kyrgyzstan,4.882399879229658
"Tropical & Subtropical Grasslands, Savannas & Shrublands",7.0,OMN,Oman,26.916322004550224
Deserts & Xeric Shrublands,13.0,OMN,Oman,5.005264375422134
"Temperate Grasslands, Savannas & Shrublands",8.0,OMN,Oman,19.88149524491691
"Mediterranean Forests, Woodlands & Scrub",12.0,PSE,Palestina,
Deserts & Xeric Shrublands,13.0,PSE,Palestina,
"Tropical & Subtropical Grasslands, Savannas & Shrublands",7.0,SAU,Saudi Arabia,
Deserts & Xeric Shrublands,13.0,SAU,Saudi Arabia,5.0
"Mediterranean Forests, Woodlands & Scrub",12.0,SAU,Saudi Arabia,
"Temperate Grasslands, Savannas & Shrublands",8.0,SYR,Syria,19.999751666268075
"Mediterranean Forests, Woodlands & Scrub",12.0,SYR,Syria,22.892141541460372
Deserts & Xeric Shrublands,13.0,SYR,Syria,5.008368791337711
Temperate Broadleaf & Mixed Forests,4.0,TUR,Turkey,34.78338695916862
Temperate Conifer Forests,5.0,TUR,Turkey,24.556694725745018
"Temperate Grasslands, Savannas & Shrublands",8.0,TUR,Turkey,19.932441797503305
"Mediterranean Forests, Woodlands & Scrub",12.0,TUR,Turkey,22.797428773470877
"Tropical & Subtropical Grasslands, Savannas & Shrublands",7.0,YEM,Yemen,26.826853453352122
Deserts & Xeric Shrublands,13.0,YEM,Yemen,4.998014144745011
Tropical & Subtropical Moist Broadleaf Forests,1.0,IOT,British Indian Ocean Territory,
Tropical & Subtropical Moist Broadleaf Forests,1.0,MDV,Maldives,
Montane Grasslands & Shrublands,10.0,AFG,Afghanistan,19.96677508216129
Deserts & Xeric Shrublands,13.0,AFG,Afghanistan,5.0000543977912955
Temperate Conifer Forests,5.0,AFG,Afghanistan,25.10866628734911
"Temperate Grasslands, Savannas & Shrublands",8.0,AFG,Afghanistan,19.948560533401746
Tropical & Subtropical Moist Broadleaf Forests,1.0,BGD,Bangladesh,
"Tropical & Subtropical Grasslands, Savannas & Shrublands",7.0,BGD,Bangladesh,
Tropical & Subtropical Moist Broadleaf Forests,1.0,BTN,Bhutan,
Tropical & Subtropical Coniferous Forests,3.0,BTN,Bhutan,
Temperate Broadleaf & Mixed Forests,4.0,BTN,Bhutan,35.0
Temperate Conifer Forests,5.0,BTN,Bhutan,24.49294582583893
"Tropical & Subtropical Grasslands, Savannas & Shrublands",7.0,BTN,Bhutan,
Montane Grasslands & Shrublands,10.0,BTN,Bhutan,19.818100440440322
Tropical & Subtropical Moist Broadleaf Forests,1.0,IND,India,25.36080552349614
Tropical & Subtropical Dry Broadleaf Forests,2.0,IND,India,17.240606830730517
Deserts & Xeric Shrublands,13.0,IND,India,4.8367212988497
Tropical & Subtropical Coniferous Forests,3.0,IND,India,26.623283203222833
Temperate Broadleaf & Mixed Forests,4.0,IND,India,34.52863440854414
Temperate Conifer Forests,5.0,IND,India,24.769065929804835
"Tropical & Subtropical Grasslands, Savannas & Shrublands",7.0,IND,India,
Montane Grasslands & Shrublands,10.0,IND,India,19.79601149665908
Temperate Broadleaf & Mixed Forests,4.0,IRN,Iran,34.964174527710874
Temperate Conifer Forests,5.0,IRN,Iran,25.129568741421025
"Temperate Grasslands, Savannas & Shrublands",8.0,IRN,Iran,19.996802977074527
Deserts & Xeric Shrublands,13.0,IRN,Iran,5.007447476519156
Montane Grasslands & Shrublands,10.0,IRN,Iran,19.971941799130022
Tropical & Subtropical Moist Broadleaf Forests,1.0,LKA,Sri Lanka,
Tropical & Subtropical Dry Broadleaf Forests,2.0,LKA,Sri Lanka,
Deserts & Xeric Shrublands,13.0,LKA,Sri Lanka,4.328943681703558
Tropical & Subtropical Moist Broadleaf Forests,1.0,NPL,Nepal,30.232315879310274
Tropical & Subtropical Coniferous Forests,3.0,NPL,Nepal,26.878944088100575
Temperate Broadleaf & Mixed Forests,4.0,NPL,Nepal,34.43600901723426
Temperate Conifer Forests,5.0,NPL,Nepal,24.643038923949906
"Tropical & Subtropical Grasslands, Savannas & Shrublands",7.0,NPL,Nepal,
Montane Grasslands & Shrublands,10.0,NPL,Nepal,19.81833981534789
Tropical & Subtropical Moist Broadleaf Forests,1.0,PAK,Pakistan,
Temperate Conifer Forests,5.0,PAK,Pakistan,24.16009433972383
Montane Grasslands & Shrublands,10.0,PAK,Pakistan,19.446210682793378
Deserts & Xeric Shrublands,13.0,PAK,Pakistan,4.991954678363328
Tropical & Subtropical Coniferous Forests,3.0,PAK,Pakistan,
Temperate Broadleaf & Mixed Forests,4.0,PAK,Pakistan,
Tropical & Subtropical Moist Broadleaf Forests,1.0,CXR,Christmas Island,
Tropical & Subtropical Moist Broadleaf Forests,1.0,CCK,Cocos Islands,
Tropical & Subtropical Dry Broadleaf Forests,2.0,TLS,East Timor,20.8719980630589
Tropical & Subtropical Moist Broadleaf Forests,1.0,BRN,Brunei,
Tropical & Subtropical Moist Broadleaf Forests,1.0,SGP,Singapore,
Tropical & Subtropical Moist Broadleaf Forests,1.0,S--,Spratly islands,
Tropical & Subtropical Moist Broadleaf Forests,1.0,P--,Paracel Islands,
Tropical & Subtropical Moist Broadleaf Forests,1.0,IDN,Indonesia,29.251753128140788
Tropical & Subtropical Dry Broadleaf Forests,2.0,IDN,Indonesia,21.430153886102605
"Tropical & Subtropical Grasslands, Savannas & Shrublands",7.0,IDN,Indonesia,
Montane Grasslands & Shrublands,10.0,IDN,Indonesia,19.66086898285773
Tropical & Subtropical Coniferous Forests,3.0,IDN,Indonesia,28.3
Tropical & Subtropical Moist Broadleaf Forests,1.0,KHM,Cambodia,24.406318480642806
Tropical & Subtropical Dry Broadleaf Forests,2.0,KHM,Cambodia,18.542618490224093
Tropical & Subtropical Moist Broadleaf Forests,1.0,LAO,Laos,28.845601069078537
Tropical & Subtropical Dry Broadleaf Forests,2.0,LAO,Laos,
Tropical & Subtropical Moist Broadleaf Forests,1.0,MMR,Myanmar,
Tropical & Subtropical Coniferous Forests,3.0,MMR,Myanmar,
Tropical & Subtropical Dry Broadleaf Forests,2.0,MMR,Myanmar,
Temperate Broadleaf & Mixed Forests,4.0,MMR,Myanmar,
Temperate Conifer Forests,5.0,MMR,Myanmar,
Montane Grasslands & Shrublands,10.0,MMR,Myanmar,
Tropical & Subtropical Moist Broadleaf Forests,1.0,MYS,Malaysia,30.58357395292879
Montane Grasslands & Shrublands,10.0,MYS,Malaysia,
Tropical & Subtropical Moist Broadleaf Forests,1.0,MYS,Malaysia,
Montane Grasslands & Shrublands,10.0,MYS,Malaysia,
Tropical & Subtropical Moist Broadleaf Forests,1.0,PHL,Philippines,
Tropical & Subtropical Coniferous Forests,3.0,PHL,Philippines,
Tropical & Subtropical Moist Broadleaf Forests,1.0,THA,Thailand,
Tropical & Subtropical Dry Broadleaf Forests,2.0,THA,Thailand,
Tropical & Subtropical Moist Broadleaf Forests,1.0,VNM,Vietnam,31.20275682897105
Tropical & Subtropical Dry Broadleaf Forests,2.0,VNM,Vietnam,
Tropical & Subtropical Moist Broadleaf Forests,1.0,GNQ,Equatorial Guinea,26.119565217391305
Tropical & Subtropical Moist Broadleaf Forests,1.0,STP,Sao Tome and Principe,
Tropical & Subtropical Moist Broadleaf Forests,1.0,AGO,Angola,
Tropical & Subtropical Dry Broadleaf Forests,2.0,AGO,Angola,9.255220457949111
"Tropical & Subtropical Grasslands, Savannas & Shrublands",7.0,AGO,Angola,13.947022560535165
Montane Grasslands & Shrublands,10.0,AGO,Angola,4.038348346835678
Deserts & Xeric Shrublands,13.0,AGO,Angola,4.50786504988941
Tropical & Subtropical Moist Broadleaf Forests,1.0,COD,Democratic Republic of the Congo,13.299067789573689
"Tropical & Subtropical Grasslands, Savannas & Shrublands",7.0,COD,Democratic Republic of the Congo,9.180723562525811
Montane Grasslands & Shrublands,10.0,COD,Democratic Republic of the Congo,
Tropical & Subtropical Moist Broadleaf Forests,1.0,CAF,Central African Republic,15.51492264015193
"Tropical & Subtropical Grasslands, Savannas & Shrublands",7.0,CAF,Central African Republic,16.14317472090317
Tropical & Subtropical Moist Broadleaf Forests,1.0,COG,Republic of Congo,13.49409769505876
"Tropical & Subtropical Grasslands, Savannas & Shrublands",7.0,COG,Republic of Congo,11.44619772991265
Tropical & Subtropical Moist Broadleaf Forests,1.0,CMR,Cameroon,19.31276351462315
"Tropical & Subtropical Grasslands, Savannas & Shrublands",7.0,CMR,Cameroon,19.908308938705147
Tropical & Subtropical Moist Broadleaf Forests,1.0,GAB,Gabon,15.398370548957308
"Tropical & Subtropical Grasslands, Savannas & Shrublands",7.0,GAB,Gabon,16.038149048857978
"Tropical & Subtropical Grasslands, Savannas & Shrublands",7.0,TCD,Chad,23.937782224401992
Deserts & Xeric Shrublands,13.0,TCD,Chad,5.012858488233625
Tropical & Subtropical Moist Broadleaf Forests,1.0,COM,Comoros,
Tropical & Subtropical Moist Broadleaf Forests,1.0,MYT,Mayotte,
Tropical & Subtropical Moist Broadleaf Forests,1.0,MUS,Mauritius,
Tropical & Subtropical Moist Broadleaf Forests,1.0,REU,Reunion,
Deserts & Xeric Shrublands,13.0,DJI,Djibouti,4.982044763074263
Tropical & Subtropical Moist Broadleaf Forests,1.0,BDI,Burundi,17.66342091954903
"Tropical & Subtropical Grasslands, Savannas & Shrublands",7.0,BDI,Burundi,9.918919774431858
"Tropical & Subtropical Grasslands, Savannas & Shrublands",7.0,ERI,Eritrea,26.848947414083035
Montane Grasslands & Shrublands,10.0,ERI,Eritrea,19.852439049354206
Deserts & Xeric Shrublands,13.0,ERI,Eritrea,5.002559165935973
Tropical & Subtropical Moist Broadleaf Forests,1.0,ETH,Ethiopia,11.80994328688665
"Tropical & Subtropical Grasslands, Savannas & Shrublands",7.0,ETH,Ethiopia,25.28975852737919
Montane Grasslands & Shrublands,10.0,ETH,Ethiopia,18.54432976449714
Deserts & Xeric Shrublands,13.0,ETH,Ethiopia,4.986180130749718
Tropical & Subtropical Moist Broadleaf Forests,1.0,KEN,Kenya,25.955299998582323
"Tropical & Subtropical Grasslands, Savannas & Shrublands",7.0,KEN,Kenya,26.156251472156733
Tropical & Subtropical Moist Broadleaf Forests,1.0,KEN,Kenya,15.183216343066324
"Tropical & Subtropical Grasslands, Savannas & Shrublands",7.0,KEN,Kenya,15.183216343066324
Montane Grasslands & Shrublands,10.0,KEN,Kenya,12.493921347303054
Tropical & Subtropical Moist Broadleaf Forests,1.0,MDG,Madagascar,24.731839042106227
Tropical & Subtropical Dry Broadleaf Forests,2.0,MDG,Madagascar,16.326643208023917
Montane Grasslands & Shrublands,10.0,MDG,Madagascar,12.89568421317037
Deserts & Xeric Shrublands,13.0,MDG,Madagascar,2.6371879961082114
Tropical & Subtropical Moist Broadleaf Forests,1.0,MWI,Malawi,
"Tropical & Subtropical Grasslands, Savannas & Shrublands",7.0,MWI,Malawi,10.595830755370091
Montane Grasslands & Shrublands,10.0,MWI,Malawi,4.194461215011187
Tropical & Subtropical Moist Broadleaf Forests,1.0,MOZ,Mozambique,16.42460864832484
"Tropical & Subtropical Grasslands, Savannas & Shrublands",7.0,MOZ,Mozambique,12.1099640421402
Montane Grasslands & Shrublands,10.0,MOZ,Mozambique,3.555118350675075
Tropical & Subtropical Moist Broadleaf Forests,1.0,RWA,Rwanda,18.14354207092128
"Tropical & Subtropical Grasslands, Savannas & Shrublands",7.0,RWA,Rwanda,13.21674836085781
Montane Grasslands & Shrublands,10.0,RWA,Rwanda,
Tropical & Subtropical Moist Broadleaf Forests,1.0,SYC,Seychelles,
Deserts & Xeric Shrublands,13.0,SYC,Seychelles,
Tropical & Subtropical Moist Broadleaf Forests,1.0,SOM,Somalia,24.566856993054607
"Tropical & Subtropical Grasslands, Savannas & Shrublands",7.0,SOM,Somalia,26.19772304438011
Deserts & Xeric Shrublands,13.0,SOM,Somalia,4.963402208093529
Deserts & Xeric Shrublands,13.0,ATF,French Southern Territories,
Tropical & Subtropical Moist Broadleaf Forests,1.0,TZA,Tanzania,15.67657783740496
"Tropical & Subtropical Grasslands, Savannas & Shrublands",7.0,TZA,Tanzania,15.852750388938993
Montane Grasslands & Shrublands,10.0,TZA,Tanzania,6.309657275086052
Tropical & Subtropical Moist Broadleaf Forests,1.0,UGA,Uganda,19.637394261181754
"Tropical & Subtropical Grasslands, Savannas & Shrublands",7.0,UGA,Uganda,14.065340463381625
Montane Grasslands & Shrublands,10.0,UGA,Uganda,4.252973937208388
Tropical & Subtropical Dry Broadleaf Forests,2.0,ZMB,Zambia,10.104358565414426
"Tropical & Subtropical Grasslands, Savannas & Shrublands",7.0,ZMB,Zambia,11.683155371648441
Montane Grasslands & Shrublands,10.0,ZMB,Zambia,7.401245202120045
Tropical & Subtropical Moist Broadleaf Forests,1.0,ZWE,Zimbabwe,22.624759228971126
"Tropical & Subtropical Grasslands, Savannas & Shrublands",7.0,ZWE,Zimbabwe,16.376623968625896
Montane Grasslands & Shrublands,10.0,ZWE,Zimbabwe,6.708996948295999
Deserts & Xeric Shrublands,13.0,ZWE,Zimbabwe,0.7852909840052119
Tropical & Subtropical Dry Broadleaf Forests,2.0,CPV,Cape Verde,
"Tropical & Subtropical Grasslands, Savannas & Shrublands",7.0,BFA,Burkina Faso,21.60500910312535
"Tropical & Subtropical Grasslands, Savannas & Shrublands",7.0,GMB,Gambia,18.18644231596238
"Tropical & Subtropical Grasslands, Savannas & Shrublands",7.0,GNB,Guinea-Bissau,9.964910959543346
"Tropical & Subtropical Grasslands, Savannas & Shrublands",7.0,SEN,Senegal,21.31085473097291
Tropical & Subtropical Moist Broadleaf Forests,1.0,BEN,Benin,
"Tropical & Subtropical Grasslands, Savannas & Shrublands",7.0,BEN,Benin,21.20298148354545
Tropical & Subtropical Moist Broadleaf Forests,1.0,CIV,Côte d'Ivoire,14.711346929214661
"Tropical & Subtropical Grasslands, Savannas & Shrublands",7.0,CIV,Côte d'Ivoire,11.236685382409764
Tropical & Subtropical Moist Broadleaf Forests,1.0,GHA,Ghana,13.908813736056016
"Tropical & Subtropical Grasslands, Savannas & Shrublands",7.0,GHA,Ghana,13.883010740793962
Tropical & Subtropical Moist Broadleaf Forests,1.0,GIN,Guinea,15.285439133273714
"Tropical & Subtropical Grasslands, Savannas & Shrublands",7.0,GIN,Guinea,11.284731487019814
Tropical & Subtropical Moist Broadleaf Forests,1.0,LBR,Liberia,
"Tropical & Subtropical Grasslands, Savannas & Shrublands",7.0,LBR,Liberia,
"Tropical & Subtropical Grasslands, Savannas & Shrublands",7.0,MLI,Mali,25.983656727937287
Deserts & Xeric Shrublands,13.0,MLI,Mali,5.002605116368426
"Tropical & Subtropical Grasslands, Savannas & Shrublands",7.0,MRT,Mauritania,26.913288619477054
Deserts & Xeric Shrublands,13.0,MRT,Mauritania,5.005615769156319
"Tropical & Subtropical Grasslands, Savannas & Shrublands",7.0,NER,Niger,26.88465722085156
Deserts & Xeric Shrublands,13.0,NER,Niger,5.0090085912416855
Tropical & Subtropical Moist Broadleaf Forests,1.0,NGA,Nigeria,13.68378261901634
"Tropical & Subtropical Grasslands, Savannas & Shrublands",7.0,NGA,Nigeria,20.76032110187822
Montane Grasslands & Shrublands,10.0,NGA,Nigeria,12.201903964514454
"Temperate Grasslands, Savannas & Shrublands",8.0,SHN,Saint Helena,
"Tropical & Subtropical Grasslands, Savannas & Shrublands",7.0,SHN,Saint Helena,
Tropical & Subtropical Moist Broadleaf Forests,1.0,SLE,Sierra Leone,14.737032994779138
"Tropical & Subtropical Grasslands, Savannas & Shrublands",7.0,SLE,Sierra Leone,9.207456439943213
"Tropical & Subtropical Grasslands, Savannas & Shrublands",7.0,TGO,Togo,14.425396665893945
Tropical & Subtropical Moist Broadleaf Forests,1.0,TGO,Togo,
"Mediterranean Forests, Woodlands & Scrub",12.0,DZA,Algeria,22.800901678419617
Deserts & Xeric Shrublands,13.0,DZA,Algeria,5.000917958047834
"Tropical & Subtropical Grasslands, Savannas & Shrublands",7.0,DZA,Algeria,26.876730950129673
Temperate Conifer Forests,5.0,DZA,Algeria,23.953889577318613
"Mediterranean Forests, Woodlands & Scrub",12.0,EGY,Egypt,
Deserts & Xeric Shrublands,13.0,EGY,Egypt,5.0
"Mediterranean Forests, Woodlands & Scrub",12.0,ESH,Western Sahara,
Deserts & Xeric Shrublands,13.0,ESH,Western Sahara,5.0
Deserts & Xeric Shrublands,13.0,LBY,Libya,4.999990611641494
"Mediterranean Forests, Woodlands & Scrub",12.0,LBY,Libya,22.735068307239644
Temperate Conifer Forests,5.0,MAR,Morocco,24.53589794509928
Montane Grasslands & Shrublands,10.0,MAR,Morocco,19.961477321489614
"Mediterranean Forests, Woodlands & Scrub",12.0,MAR,Morocco,22.807624449599135
Deserts & Xeric Shrublands,13.0,MAR,Morocco,5.00671615289198
Tropical & Subtropical Moist Broadleaf Forests,1.0,SDN,Sudan,20.692220609296573
"Tropical & Subtropical Grasslands, Savannas & Shrublands",7.0,SDN,Sudan,23.945461928941647
Montane Grasslands & Shrublands,10.0,SDN,Sudan,20.000379122131786
Deserts & Xeric Shrublands,13.0,SDN,Sudan,4.965779704643235
Temperate Conifer Forests,5.0,TUN,Tunisia,21.523294073274325
"Mediterranean Forests, Woodlands & Scrub",12.0,TUN,Tunisia,22.63560616586439
Deserts & Xeric Shrublands,13.0,TUN,Tunisia,5.00268915092261
Deserts & Xeric Shrublands,13.0,BWA,Botswana,4.545201881309507
"Tropical & Subtropical Grasslands, Savannas & Shrublands",7.0,BWA,Botswana,22.92732797092506
"Tropical & Subtropical Grasslands, Savannas & Shrublands",7.0,LSO,Lesotho,25.87906341181738
Montane Grasslands & Shrublands,10.0,LSO,Lesotho,18.94056020737985
Deserts & Xeric Shrublands,13.0,NAM,Namibia,4.874081999352798
"Tropical & Subtropical Grasslands, Savannas & Shrublands",7.0,NAM,Namibia,25.533098723358197
Tropical & Subtropical Moist Broadleaf Forests,1.0,SWZ,Swaziland,16.79621646407626
"Tropical & Subtropical Grasslands, Savannas & Shrublands",7.0,SWZ,Swaziland,12.576055992813897
Montane Grasslands & Shrublands,10.0,SWZ,Swaziland,8.425952699499755
Tropical & Subtropical Moist Broadleaf Forests,1.0,ZAF,South Africa,17.288642363412244
"Tropical & Subtropical Grasslands, Savannas & Shrublands",7.0,ZAF,South Africa,19.025616615275503
Montane Grasslands & Shrublands,10.0,ZAF,South Africa,17.220015194869546
"Mediterranean Forests, Woodlands & Scrub",12.0,ZAF,South Africa,19.751630081096977
Deserts & Xeric Shrublands,13.0,ZAF,South Africa,4.934090897751617
Temperate Broadleaf & Mixed Forests,4.0,BLR,Belarus,33.194233862793624
Temperate Broadleaf & Mixed Forests,4.0,HUN,Hungary,34.55715118435695
Temperate Broadleaf & Mixed Forests,4.0,BGR,Bulgaria,33.277739446320496
"Mediterranean Forests, Woodlands & Scrub",12.0,BGR,Bulgaria,
"Temperate Grasslands, Savannas & Shrublands",8.0,BGR,Bulgaria,
Temperate Broadleaf & Mixed Forests,4.0,CZE,Czech Republic,
Temperate Conifer Forests,5.0,CZE,Czech Republic,
Temperate Broadleaf & Mixed Forests,4.0,MDA,Moldova,
"Temperate Grasslands, Savannas & Shrublands",8.0,MDA,Moldova,
Temperate Broadleaf & Mixed Forests,4.0,POL,Poland,33.5867016220481
Temperate Conifer Forests,5.0,POL,Poland,22.743336944745767
Temperate Broadleaf & Mixed Forests,4.0,ROU,Romania,32.81630609249709
Temperate Conifer Forests,5.0,ROU,Romania,23.738689986127593
"Temperate Grasslands, Savannas & Shrublands",8.0,ROU,Romania,
Temperate Broadleaf & Mixed Forests,4.0,RUS,Russia,33.957243259508886
"Temperate Grasslands, Savannas & Shrublands",8.0,RUS,Russia,19.36380746803142
Temperate Conifer Forests,5.0,RUS,Russia,24.438496501250864
Montane Grasslands & Shrublands,10.0,RUS,Russia,19.8091062343653
Deserts & Xeric Shrublands,13.0,RUS,Russia,4.970128266584065
Temperate Broadleaf & Mixed Forests,4.0,SVK,Slovakia,32.766176046111724
Temperate Conifer Forests,5.0,SVK,Slovakia,23.158785812864387
Temperate Broadleaf & Mixed Forests,4.0,UKR,Ukraine,33.1158924205379
Temperate Conifer Forests,5.0,UKR,Ukraine,23.384811974673685
"Temperate Grasslands, Savannas & Shrublands",8.0,UKR,Ukraine,19.92054913876535
Temperate Broadleaf & Mixed Forests,4.0,GGY,Guernsey,
Temperate Broadleaf & Mixed Forests,4.0,IMN,Isle of Man,
Temperate Broadleaf & Mixed Forests,4.0,JEY,Jersey,
Temperate Broadleaf & Mixed Forests,4.0,BEL,Belgium,33.22530123805369
Temperate Broadleaf & Mixed Forests,4.0,LUX,Luxembourg,
Temperate Broadleaf & Mixed Forests,4.0,NLD,Netherlands,32.91574884537451
"Mediterranean Forests, Woodlands & Scrub",12.0,MCO,Monaco,
Temperate Broadleaf & Mixed Forests,4.0,AUT,Austria,33.089224589799045
Temperate Conifer Forests,5.0,AUT,Austria,24.970798354161158
Temperate Broadleaf & Mixed Forests,4.0,CHE,Switzerland,33.67847618908036
Temperate Conifer Forests,5.0,CHE,Switzerland,25.058147307633128
Temperate Broadleaf & Mixed Forests,4.0,DEU,Germany,33.32189216555088
Temperate Conifer Forests,5.0,DEU,Germany,24.576784353189687
Temperate Broadleaf & Mixed Forests,4.0,FRA,France,33.51031717182515
"Mediterranean Forests, Woodlands & Scrub",12.0,FRA,France,20.606547542595873
Temperate Conifer Forests,5.0,FRA,France,24.989713179491307
Temperate Broadleaf & Mixed Forests,4.0,LIE,Liechtenstein,
Temperate Conifer Forests,5.0,LIE,Liechtenstein,
Temperate Broadleaf & Mixed Forests,4.0,IRL,Ireland,34.512647224136195
"Temperate Grasslands, Savannas & Shrublands",8.0,FRO,Faroe Islands,
Temperate Broadleaf & Mixed Forests,4.0,ALA,Åland,
Temperate Broadleaf & Mixed Forests,4.0,DNK,Denmark,
Temperate Broadleaf & Mixed Forests,4.0,EST,Estonia,
Temperate Broadleaf & Mixed Forests,4.0,FIN,Finland,
Temperate Broadleaf & Mixed Forests,4.0,LVA,Latvia,
Temperate Broadleaf & Mixed Forests,4.0,LTU,Lithuania,
Temperate Broadleaf & Mixed Forests,4.0,SWE,Sweden,31.426901775077923
Temperate Broadleaf & Mixed Forests,4.0,GBR,United Kingdom,34.68762362781123
Temperate Conifer Forests,5.0,GBR,United Kingdom,24.642542262012604
"Mediterranean Forests, Woodlands & Scrub",12.0,GBR,United Kingdom,
Temperate Broadleaf & Mixed Forests,4.0,NOR,Norway,
Temperate Conifer Forests,5.0,NOR,Norway,24.846637466172478
"Mediterranean Forests, Woodlands & Scrub",12.0,GIB,Gibraltar,
"Mediterranean Forests, Woodlands & Scrub",12.0,MLT,Malta,
"Mediterranean Forests, Woodlands & Scrub",12.0,VAT,Vatican City,
Temperate Broadleaf & Mixed Forests,4.0,AND,Andorra,34.546899901965794
"Mediterranean Forests, Woodlands & Scrub",12.0,SMR,San Marino,
Temperate Broadleaf & Mixed Forests,4.0,ALB,Albania,
"Mediterranean Forests, Woodlands & Scrub",12.0,ALB,Albania,21.870854578829288
Temperate Broadleaf & Mixed Forests,4.0,BIH,Bosnia and Herzegovina,32.92797862469122
"Mediterranean Forests, Woodlands & Scrub",12.0,BIH,Bosnia and Herzegovina,20.95980451002237
Temperate Broadleaf & Mixed Forests,4.0,ESP,Spain,33.21311684518351
"Mediterranean Forests, Woodlands & Scrub",12.0,ESP,Spain,20.595494703106723
Temperate Broadleaf & Mixed Forests,4.0,GRC,Greece,34.884830219449604
"Mediterranean Forests, Woodlands & Scrub",12.0,GRC,Greece,21.15830372392244
"Mediterranean Forests, Woodlands & Scrub",12.0,HRV,Croatia,21.58783159381357
Temperate Broadleaf & Mixed Forests,4.0,HRV,Croatia,33.622684863749015
Temperate Broadleaf & Mixed Forests,4.0,ITA,Italy,32.86325284734591
"Mediterranean Forests, Woodlands & Scrub",12.0,ITA,Italy,20.523999627007225
Temperate Conifer Forests,5.0,ITA,Italy,25.055975537991937
Temperate Broadleaf & Mixed Forests,4.0,MNE,Montenegro,32.821282752606336
"Mediterranean Forests, Woodlands & Scrub",12.0,MNE,Montenegro,
Temperate Broadleaf & Mixed Forests,4.0,MKD,Macedonia,33.79742711287997
"Mediterranean Forests, Woodlands & Scrub",12.0,MKD,Macedonia,20.789750259114136
Temperate Broadleaf & Mixed Forests,4.0,PRT,Portugal,
"Mediterranean Forests, Woodlands & Scrub",12.0,PRT,Portugal,20.097222118516154
Temperate Broadleaf & Mixed Forests,4.0,SRB,Serbia,32.4042730166739
"Mediterranean Forests, Woodlands & Scrub",12.0,SRB,Serbia,
Temperate Broadleaf & Mixed Forests,4.0,SVN,Slovenia,34.59545418111732
Temperate Conifer Forests,5.0,SVN,Slovenia,24.432512819155583
"Mediterranean Forests, Woodlands & Scrub",12.0,SVN,Slovenia,
Tropical & Subtropical Moist Broadleaf Forests,1.0,VUT,Vanuatu,
Tropical & Subtropical Moist Broadleaf Forests,1.0,SLB,Solomon Islands,
Tropical & Subtropical Moist Broadleaf Forests,1.0,FJI,Fiji,
Tropical & Subtropical Dry Broadleaf Forests,2.0,FJI,Fiji,
Tropical & Subtropical Moist Broadleaf Forests,1.0,NCL,New Caledonia,
Tropical & Subtropical Dry Broadleaf Forests,2.0,NCL,New Caledonia,
Tropical & Subtropical Moist Broadleaf Forests,1.0,PNG,Papua New Guinea,
"Tropical & Subtropical Grasslands, Savannas & Shrublands",7.0,PNG,Papua New Guinea,
Montane Grasslands & Shrublands,10.0,PNG,Papua New Guinea,
Tropical & Subtropical Moist Broadleaf Forests,1.0,ASM,American Samoa,
Tropical & Subtropical Moist Broadleaf Forests,1.0,COK,Cook Islands,
Tropical & Subtropical Moist Broadleaf Forests,1.0,PYF,French Polynesia,
Tropical & Subtropical Moist Broadleaf Forests,1.0,NIU,Niue,
Tropical & Subtropical Moist Broadleaf Forests,1.0,PCN,Pitcairn Islands,
Tropical & Subtropical Moist Broadleaf Forests,1.0,WSM,Samoa,
Tropical & Subtropical Moist Broadleaf Forests,1.0,TON,Tonga,
Tropical & Subtropical Moist Broadleaf Forests,1.0,WLF,Wallis and Futuna,
Tropical & Subtropical Moist Broadleaf Forests,1.0,TUV,Tuvalu,
Tropical & Subtropical Moist Broadleaf Forests,1.0,KIR,Kiribati,
Tropical & Subtropical Moist Broadleaf Forests,1.0,MHL,Marshall Islands,
Tropical & Subtropical Moist Broadleaf Forests,1.0,PLW,Palau,
Tropical & Subtropical Dry Broadleaf Forests,2.0,GUM,Guam,
Tropical & Subtropical Dry Broadleaf Forests,2.0,MNP,Northern Mariana Islands,
Tropical & Subtropical Moist Broadleaf Forests,1.0,FSM,Micronesia,
Tropical & Subtropical Dry Broadleaf Forests,2.0,FSM,Micronesia,
Tropical & Subtropical Moist Broadleaf Forests,1.0,UMI,United States Minor Outlying Islands,
Tropical & Subtropical Moist Broadleaf Forests,1.0,UMI,United States Minor Outlying Islands,
Tropical & Subtropical Moist Broadleaf Forests,1.0,UMI,United States Minor Outlying Islands,
Tropical & Subtropical Moist Broadleaf Forests,1.0,UMI,United States Minor Outlying Islands,
Tropical & Subtropical Moist Broadleaf Forests,1.0,UMI,United States Minor Outlying Islands,
"Tropical & Subtropical Grasslands, Savannas & Shrublands",7.0,UMI,United States Minor Outlying Islands,
Tropical & Subtropical Moist Broadleaf Forests,1.0,UMI,United States Minor Outlying Islands,
Tropical & Subtropical Moist Broadleaf Forests,1.0,NFK,Norfolk Island,
Temperate Broadleaf & Mixed Forests,4.0,AUS,Australia,33.81926842623097
"Temperate Grasslands, Savannas & Shrublands",8.0,AUS,Australia,19.42489624957726
"Mediterranean Forests, Woodlands & Scrub",12.0,AUS,Australia,22.267795571639954
Deserts & Xeric Shrublands,13.0,AUS,Australia,4.974714690651036
Tropical & Subtropical Moist Broadleaf Forests,1.0,AUS,Australia,25.590195343853182
"Tropical & Subtropical Grasslands, Savannas & Shrublands",7.0,AUS,Australia,26.144902310765485
Montane Grasslands & Shrublands,10.0,AUS,Australia,16.812921323023076
Tropical & Subtropical Moist Broadleaf Forests,1.0,NZL,New Zealand,
Temperate Broadleaf & Mixed Forests,4.0,NZL,New Zealand,34.21896085358826
"Temperate Grasslands, Savannas & Shrublands",8.0,NZL,New Zealand,19.711741117860342
Montane Grasslands & Shrublands,10.0,NZL,New Zealand,19.710247005061525
Tropical & Subtropical Dry Broadleaf Forests,2.0,CYM,Cayman Islands,
Deserts & Xeric Shrublands,13.0,AIA,Anguilla,
Deserts & Xeric Shrublands,13.0,BRB,Barbados,
Deserts & Xeric Shrublands,13.0,MAF,Saint-Martin,
Deserts & Xeric Shrublands,13.0,SXM,Sint Maarten,
Tropical & Subtropical Coniferous Forests,3.0,BHS,Bahamas,
Tropical & Subtropical Coniferous Forests,3.0,TCA,Turks and Caicos Islands,
Tropical & Subtropical Moist Broadleaf Forests,1.0,ATG,Antigua and Barbuda,
Tropical & Subtropical Dry Broadleaf Forests,2.0,ATG,Antigua and Barbuda,
Deserts & Xeric Shrublands,13.0,ATG,Antigua and Barbuda,
Tropical & Subtropical Moist Broadleaf Forests,1.0,CUB,Cuba,28.319689078407247
Tropical & Subtropical Dry Broadleaf Forests,2.0,CUB,Cuba,21.00696255529486
Tropical & Subtropical Coniferous Forests,3.0,CUB,Cuba,26.245347179749537
Deserts & Xeric Shrublands,13.0,CUB,Cuba,3.8940393602386205
Tropical & Subtropical Moist Broadleaf Forests,1.0,DMA,Dominica,
Deserts & Xeric Shrublands,13.0,DMA,Dominica,
Tropical & Subtropical Moist Broadleaf Forests,1.0,DOM,Dominican Republic,26.54594736325727
Tropical & Subtropical Dry Broadleaf Forests,2.0,DOM,Dominican Republic,20.650786262526346
Tropical & Subtropical Coniferous Forests,3.0,DOM,Dominican Republic,23.206786766436323
Tropical & Subtropical Moist Broadleaf Forests,1.0,GRD,Grenada,
Tropical & Subtropical Dry Broadleaf Forests,2.0,GRD,Grenada,
Deserts & Xeric Shrublands,13.0,GRD,Grenada,
Tropical & Subtropical Moist Broadleaf Forests,1.0,GLP,Guadeloupe,
Deserts & Xeric Shrublands,13.0,GLP,Guadeloupe,
Tropical & Subtropical Moist Broadleaf Forests,1.0,HTI,Haiti,30.10711406116897
Tropical & Subtropical Dry Broadleaf Forests,2.0,HTI,Haiti,18.99363477961367
Tropical & Subtropical Coniferous Forests,3.0,HTI,Haiti,27.37228618099981
Tropical & Subtropical Moist Broadleaf Forests,1.0,JAM,Jamaica,
Tropical & Subtropical Dry Broadleaf Forests,2.0,JAM,Jamaica,
Tropical & Subtropical Moist Broadleaf Forests,1.0,KNA,Saint Kitts and Nevis,
Deserts & Xeric Shrublands,13.0,KNA,Saint Kitts and Nevis,
Tropical & Subtropical Moist Broadleaf Forests,1.0,LCA,Saint Lucia,
Tropical & Subtropical Dry Broadleaf Forests,2.0,LCA,Saint Lucia,
Deserts & Xeric Shrublands,13.0,LCA,Saint Lucia,
Tropical & Subtropical Moist Broadleaf Forests,1.0,MTQ,Martinique,
Tropical & Subtropical Dry Broadleaf Forests,2.0,MTQ,Martinique,
Deserts & Xeric Shrublands,13.0,MTQ,Martinique,
Tropical & Subtropical Moist Broadleaf Forests,1.0,MSR,Montserrat,
Tropical & Subtropical Dry Broadleaf Forests,2.0,MSR,Montserrat,
Deserts & Xeric Shrublands,13.0,MSR,Montserrat,
Tropical & Subtropical Moist Broadleaf Forests,1.0,PRI,Puerto Rico,
Tropical & Subtropical Dry Broadleaf Forests,2.0,PRI,Puerto Rico,
Tropical & Subtropical Moist Broadleaf Forests,1.0,VCT,Saint Vincent and the Grenadines,
Tropical & Subtropical Dry Broadleaf Forests,2.0,VCT,Saint Vincent and the Grenadines,
Deserts & Xeric Shrublands,13.0,VCT,Saint Vincent and the Grenadines,
Tropical & Subtropical Moist Broadleaf Forests,1.0,VGB,British Virgin Islands,
Deserts & Xeric Shrublands,13.0,VGB,British Virgin Islands,
Tropical & Subtropical Moist Broadleaf Forests,1.0,VIR,"Virgin Islands, U.S.",
Deserts & Xeric Shrublands,13.0,VIR,"Virgin Islands, U.S.",
Tropical & Subtropical Moist Broadleaf Forests,1.0,BLZ,Belize,
"Tropical & Subtropical Grasslands, Savannas & Shrublands",7.0,BLZ,Belize,
Tropical & Subtropical Moist Broadleaf Forests,1.0,CRI,Costa Rica,27.702939491845843
Tropical & Subtropical Dry Broadleaf Forests,2.0,CRI,Costa Rica,19.960290265307687
Tropical & Subtropical Moist Broadleaf Forests,1.0,GTM,Guatemala,28.118157377219596
Tropical & Subtropical Dry Broadleaf Forests,2.0,GTM,Guatemala,13.56468928519859
Tropical & Subtropical Coniferous Forests,3.0,GTM,Guatemala,23.471478140344942
Deserts & Xeric Shrublands,13.0,GTM,Guatemala,2.7714691038947272
Tropical & Subtropical Moist Broadleaf Forests,1.0,HND,Honduras,27.16628221719501
Tropical & Subtropical Dry Broadleaf Forests,2.0,HND,Honduras,16.7446463240773
Tropical & Subtropical Coniferous Forests,3.0,HND,Honduras,23.263131152624048
"Tropical & Subtropical Grasslands, Savannas & Shrublands",7.0,HND,Honduras,
Tropical & Subtropical Moist Broadleaf Forests,1.0,MEX,Mexico,27.787545312798056
Tropical & Subtropical Dry Broadleaf Forests,2.0,MEX,Mexico,20.24518371075687
Tropical & Subtropical Coniferous Forests,3.0,MEX,Mexico,25.76379698641483
"Tropical & Subtropical Grasslands, Savannas & Shrublands",7.0,MEX,Mexico,24.558579919282938
"Mediterranean Forests, Woodlands & Scrub",12.0,MEX,Mexico,21.55120294548365
Deserts & Xeric Shrublands,13.0,MEX,Mexico,4.901927004183888
Tropical & Subtropical Moist Broadleaf Forests,1.0,NIC,Nicaragua,26.15170610089681
Tropical & Subtropical Dry Broadleaf Forests,2.0,NIC,Nicaragua,17.609973882185354
Tropical & Subtropical Coniferous Forests,3.0,NIC,Nicaragua,21.597302305733344
"Tropical & Subtropical Grasslands, Savannas & Shrublands",7.0,NIC,Nicaragua,25.49612345489241
Tropical & Subtropical Moist Broadleaf Forests,1.0,PAN,Panama,26.76772454918588
Tropical & Subtropical Dry Broadleaf Forests,2.0,PAN,Panama,
Tropical & Subtropical Moist Broadleaf Forests,1.0,SLV,El Salvador,26.82693144601466
Tropical & Subtropical Dry Broadleaf Forests,2.0,SLV,El Salvador,19.383918287910113
Tropical & Subtropical Coniferous Forests,3.0,SLV,El Salvador,23.83916037057225
Tropical & Subtropical Coniferous Forests,3.0,BMU,Bermuda,
Temperate Broadleaf & Mixed Forests,4.0,CAN,Canada,
Temperate Conifer Forests,5.0,CAN,Canada,23.124463006280614
"Temperate Grasslands, Savannas & Shrublands",8.0,CAN,Canada,19.67795873755499
Temperate Conifer Forests,5.0,CAN,Canada,
Tropical & Subtropical Moist Broadleaf Forests,1.0,USA,United States,
Tropical & Subtropical Dry Broadleaf Forests,2.0,USA,United States,
Tropical & Subtropical Coniferous Forests,3.0,USA,United States,26.921939346101887
Temperate Broadleaf & Mixed Forests,4.0,USA,United States,32.80146306858749
Temperate Conifer Forests,5.0,USA,United States,23.52254892397325
"Tropical & Subtropical Grasslands, Savannas & Shrublands",7.0,USA,United States,25.669001309676325
"Temperate Grasslands, Savannas & Shrublands",8.0,USA,United States,19.64764015382936
"Mediterranean Forests, Woodlands & Scrub",12.0,USA,United States,21.703342659459864
Deserts & Xeric Shrublands,13.0,USA,United States,4.909142538960988
Deserts & Xeric Shrublands,13.0,ABW,Aruba,
Deserts & Xeric Shrublands,13.0,CUW,Curaçao,
Tropical & Subtropical Dry Broadleaf Forests,2.0,BES,"Bonaire, Saint Eustatius and Saba",
Deserts & Xeric Shrublands,13.0,BES,"Bonaire, Saint Eustatius and Saba",
Tropical & Subtropical Moist Broadleaf Forests,1.0,TTO,Trinidad and Tobago,
Tropical & Subtropical Dry Broadleaf Forests,2.0,TTO,Trinidad and Tobago,
"Temperate Grasslands, Savannas & Shrublands",8.0,FLK,Falkland Islands,
Tropical & Subtropical Moist Broadleaf Forests,1.0,GUF,French Guiana,
Temperate Broadleaf & Mixed Forests,4.0,ARG,Argentina,34.47812587791013
"Temperate Grasslands, Savannas & Shrublands",8.0,ARG,Argentina,19.979685175997023
Montane Grasslands & Shrublands,10.0,ARG,Argentina,19.78715895610715
"Tropical & Subtropical Grasslands, Savannas & Shrublands",7.0,ARG,Argentina,25.587994150392614
Tropical & Subtropical Moist Broadleaf Forests,1.0,ARG,Argentina,29.283891136542373
Tropical & Subtropical Moist Broadleaf Forests,1.0,BOL,Bolivia,29.84312288549067
Tropical & Subtropical Dry Broadleaf Forests,2.0,BOL,Bolivia,22.717191445141722
Montane Grasslands & Shrublands,10.0,BOL,Bolivia,19.922356261617615
"Tropical & Subtropical Grasslands, Savannas & Shrublands",7.0,BOL,Bolivia,25.737623421254604
Tropical & Subtropical Moist Broadleaf Forests,1.0,BRA,Brazil,29.13530662328016
"Tropical & Subtropical Grasslands, Savannas & Shrublands",7.0,BRA,Brazil,24.74955013770349
Tropical & Subtropical Dry Broadleaf Forests,2.0,BRA,Brazil,21.66497133695029
Temperate Broadleaf & Mixed Forests,4.0,CHL,Chile,34.19325664171707
"Temperate Grasslands, Savannas & Shrublands",8.0,CHL,Chile,19.971460272385702
Tropical & Subtropical Moist Broadleaf Forests,1.0,CHL,Chile,
"Mediterranean Forests, Woodlands & Scrub",12.0,CHL,Chile,22.542623027988544
Montane Grasslands & Shrublands,10.0,CHL,Chile,19.979599959992257
Deserts & Xeric Shrublands,13.0,CHL,Chile,
Tropical & Subtropical Moist Broadleaf Forests,1.0,COL,Colombia,28.665313194907128
Tropical & Subtropical Dry Broadleaf Forests,2.0,COL,Colombia,21.57590166197593
"Tropical & Subtropical Grasslands, Savannas & Shrublands",7.0,COL,Colombia,26.512978393201383
Montane Grasslands & Shrublands,10.0,COL,Colombia,19.099188761192433
Deserts & Xeric Shrublands,13.0,COL,Colombia,4.610920170381994
Tropical & Subtropical Moist Broadleaf Forests,1.0,ECU,Ecuador,27.770941715757772
Tropical & Subtropical Dry Broadleaf Forests,2.0,ECU,Ecuador,20.753537461634732
Montane Grasslands & Shrublands,10.0,ECU,Ecuador,19.1433135785409
Deserts & Xeric Shrublands,13.0,ECU,Ecuador,
Tropical & Subtropical Moist Broadleaf Forests,1.0,GUY,Guyana,30.843924248711943
"Tropical & Subtropical Grasslands, Savannas & Shrublands",7.0,GUY,Guyana,26.779962142817453
Tropical & Subtropical Moist Broadleaf Forests,1.0,PER,Peru,31.071249745027558
Montane Grasslands & Shrublands,10.0,PER,Peru,19.989050275990614
Deserts & Xeric Shrublands,13.0,PER,Peru,4.940418480811663
Tropical & Subtropical Dry Broadleaf Forests,2.0,PER,Peru,
Tropical & Subtropical Moist Broadleaf Forests,1.0,PRY,Paraguay,27.321732694823247
"Tropical & Subtropical Grasslands, Savannas & Shrublands",7.0,PRY,Paraguay,22.93556357245389
Tropical & Subtropical Moist Broadleaf Forests,1.0,SUR,Suriname,
"Tropical & Subtropical Grasslands, Savannas & Shrublands",7.0,SUR,Suriname,
Tropical & Subtropical Moist Broadleaf Forests,1.0,URY,Uruguay,
"Tropical & Subtropical Grasslands, Savannas & Shrublands",7.0,URY,Uruguay,26.56974013836506
"Temperate Grasslands, Savannas & Shrublands",8.0,URY,Uruguay,19.835745668167714
Tropical & Subtropical Moist Broadleaf Forests,1.0,VEN,Venezuela,28.398424965790827
Tropical & Subtropical Dry Broadleaf Forests,2.0,VEN,Venezuela,21.37611173037504
"Tropical & Subtropical Grasslands, Savannas & Shrublands",7.0,VEN,Venezuela,26.34665011565115
Montane Grasslands & Shrublands,10.0,VEN,Venezuela,19.229234029009678
Deserts & Xeric Shrublands,13.0,VEN,Venezuela,4.7022423293201925
"Tropical & Subtropical Grasslands, Savannas & Shrublands",7.0,C--,Clipperton Island,
